Time,V1,V2,V3,V4,V5,V6,V7,V8,V9,V10,V11,V12,V13,V14,V15,V16,V17,V18,V19,V20,V21,V22,V23,V24,V25,V26,V27,V28,Amount
954.2218389584946,2.6114849702939837,-3.058652636161701,-1.1594737425017343,-3.742323297366672,-1.790791965843334,2.807719882787998,1.2863083701472566,-0.7204737406347346,0.7549602518385067,-2.5748038195549814,0.8389942423023786,-0.0913376056139574,0.0517039395128979,3.510613652615988,1.7137709138403228,0.3558392086374521,1.2632652197669296,-2.303411966722887,-3.2093260352783965,-3.23682471334648,-0.6614103862498657,0.3245398169372484,0.6958882998896598,2.229047169911384,-1.356246684747668,-0.4129914550109828,-3.0412564575888763,-3.592807953284276,170.58410255599657
3557.000614314663,0.1456740598322232,0.0331225363046054,3.9212682710923215,-1.86134467889709,-2.5926196365749377,-0.3802133081854122,-3.4938998747854964,-2.728827635416192,1.4078199310267998,0.1328001122287707,0.4575560352655076,-1.0121541566650527,-1.993735467575111,-1.890168900103627,2.9514974718527425,0.1044944941142105,2.2956498423093814,-3.1564696739998346,3.0394228289265737,-2.980251113352389,1.651215873133507,2.5851449548559566,1.5843319781394358,-1.2423626217508876,-2.503357501905716,-3.388542740808682,0.4104879347703858,0.2169768007746201,4.096664986292486
4392.425101379648,0.5891605972835903,-1.1198539692957303,-1.8489217611544009,-1.269442361714547,1.9857006551084355,0.6851459239992052,3.4127477439255074,-2.6378858718595213,0.8962416019580944,2.378142564038256,-2.702185033015697,2.2732892686260846,2.94285157164991,3.090953577953336,0.197451144758153,-2.655668534734552,-0.7883621817493119,3.0771465959094138,-2.687800174039971,1.6427480489498425,0.557452253753082,0.9683909428597882,3.233725549819876,-1.8430748034440163,0.9056056939042454,-2.052530661408879,-1.534514677940224,-0.7771552339570817,220.64877354850609
5942.336448709739,-1.914361457161456,2.7945153452762184,3.771502660172378,-2.7062838863205965,0.1984297185651172,2.9845642996288624,-1.807089075870174,-0.5490438486777813,-2.2686421807654944,-0.182459159596241,-2.9866808035895382,1.9926480037389624,-0.3968145458629823,0.3502597369176424,-1.243357505837542,0.652944763644425,0.9844836876999764,2.960596898881573,1.2585516630215223,3.187515842754149,3.05182599772815,1.0472895274203735,0.4713961901306402,-2.183894454674051,-3.182195012007955,-1.0113158427350704,1.4543791880542585,-0.6056439793615979,482.3667950531431
7815.275523740977,-1.432356162272535,0.7926741046918173,1.926862136724012,3.311450378644987,-0.9026377967796322,-0.0994039022764172,-1.1970199865026,-1.4710236218244646,-2.7760626921169176,-0.7936291688729079,-0.3620455628750695,0.8427247284997874,-1.9228660788154444,1.9703396107375992,1.271780728311109,-0.2185258919091421,-1.4207518607601437,-2.138172621252987,1.0915269986384954,0.116849488043674,-1.4985191392206798,1.5522299379889015,0.8510646031259481,3.55004383989722,0.0177478828393158,2.049391894641537,0.6366988849982564,3.348298706350154,34.823560154579845
8026.631318015607,1.1530608892572731,0.1628129466927692,0.4568194415755404,2.472192938890532,1.7117712741951174,-2.906496957445084,-2.248873307814309,0.3465905739591335,1.3339523366307562,-1.2843222944317254,0.5254243058916642,-1.2938545889279818,-3.0030491362053,3.5630071112990174,-2.442191306937004,-2.380136329874658,0.6146561169152712,0.7815997151923791,-0.6613952343915526,1.586224854680144,-1.8313913309488803,-2.1939556319802818,-2.626643203090216,1.260279118692707,-2.0143750573529706,2.515157930440997,2.4174286558847617,3.7671584332521,23.6125650647291
10036.848182664868,-2.6422713733532923,2.483840560946914,-0.887542092411609,-1.568216460691184,-0.9324485979027836,-2.2784267418814284,-0.1088164186551174,0.6654359136589435,0.4812859532292675,1.716287098502543,-3.002221256453346,-0.0184435467997159,0.4221636310827648,1.2336438940521337,2.367996392746904,0.6387364421637449,-1.8220158155679893,-0.8841665767072329,-1.4069801860597653,-2.055310744548618,-1.998211909152084,-3.739653130713009,1.4325700292380854,-1.5373487844415814,1.6054077757204597,-1.541827244037525,0.7272209310765152,0.4145722821827067,144.97171906671588
10982.882929424884,3.1049054166488004,-0.6821004831078037,-1.2267645113278656,-0.7181811806410316,2.7943889660893424,-2.888354282709313,2.672298622998839,0.7178851141502987,0.3029502613716351,-2.1419149607719783,1.4395939670774016,-1.791326868810455,0.1003462465070019,-1.0136301785185606,2.675120349174131,0.961450072871727,1.5695115263987074,-3.2119968044244933,-0.7021202754553069,-2.7948500236718576,0.0874102562748508,3.480495046305952,1.3276818807948785,-3.232091305374125,0.0275971053437477,0.6112797975217186,0.2321086556384736,2.631492904774646,29.17253567471572
11240.9152678563,1.0590310173378623,0.1108050804223592,-0.0119587240805064,-0.8576114919870703,-2.385655684685372,-0.7532865157718938,0.7566999990347418,0.4633661617886119,1.4960563269554787,-2.7815438145863527,-0.8461253106402739,-0.8105499447086384,-1.2337074191111363,2.7773225344241137,-1.4430298925481255,-0.4638989029545127,-1.308825094105927,1.965714537477388,0.6664094321386529,-1.7418592361065963,0.1115596879909766,1.984075183655609,1.9304873702831296,0.4150633011579738,1.311073251276369,1.3916360722172096,3.656634140692465,1.604148835134395,200.6655002942597
12794.915819650814,1.403043743660401,0.0476093083672165,1.5021405209758123,-0.7094902613802397,1.1404329855634934,-1.106414288419339,2.364098517676586,1.799771724125156,-2.946879657175615,1.676192451792375,0.6547106450174678,1.504270901737371,-1.2344101575203434,-0.4820698762098773,2.7353309662120573,-1.999927570080722,1.594235646098536,0.1361733724140612,-1.363511686189766,-2.556654085439651,-0.2801910175383419,-1.2621799740545794,-2.453475948952081,0.1073478490156882,-2.1040661163584367,2.7101901923777127,2.7754670510157955,-1.6315975798039783,10.852394977398257
12882.351227864398,1.3517119900454857,-1.2138220484575886,1.3492775028539457,1.0053493147235515,3.199883982394617,0.9340125681006096,1.5910277492794282,-1.0027175741083458,3.632137814473002,-3.246602879299729,0.8452653208171427,0.9696282906897576,1.2259494409936047,-3.0506843111209325,2.655688875097725,-1.4149020344540535,2.1876640272340886,-0.7046726991762834,0.9964809596391816,-0.4885963125193036,0.375481148108137,-1.8553043884026108,0.215421347742762,-1.2994295563783538,0.7039760274722285,1.7883952356427089,-4.61912975075351,-1.1671315763243544,13.462364191664372
15291.504354571687,-3.157659279216438,-2.750051329728205,1.3120680716408994,2.490867491015413,-1.0714614789246326,-2.1740266571040183,-3.756168149481248,2.501602405672928,1.527910369270666,-0.3557840133775016,-0.4317085966869243,1.7412814915768997,0.8456482586462317,0.8716366710062746,-2.8108050116381733,-1.5258326858696218,-1.150728462380305,-1.242004369594699,-2.82284173481589,0.5464949476400827,-3.3822502519451088,2.3470816812431363,-2.229023493162365,-2.9008314669659008,0.6504089576108187,-0.0994546793429228,3.5544173582317864,-0.8594501168156563,387.0475918680357
16877.741300303132,-2.882679084513573,2.5343100097023576,-1.0387339727641405,1.6769732118888374,0.7994837985667818,0.41488601095009,-1.5172641929908002,-0.3757540908765063,4.054929162847957,3.589233674623256,-1.903052795357916,-0.6719546229822685,2.549207822864568,3.951022078548302,-3.392757932942083,0.3864032965557911,0.0831501606349616,0.4653912463215219,-3.6821090245856634,-3.772476522411876,1.2454031910744086,-1.974694650316744,1.457569336381764,-0.2732630115019047,0.6350226195037838,-2.0126675663013485,-1.523738917773757,-2.08734354856632,112.03638425948373
18643.638584443008,0.8160407186408639,1.7998992277058252,-0.5064765212989224,-2.1657206113501464,-3.40897268205601,-0.7212812447004816,-0.4669533958569284,-1.4891462978764598,0.5643163836633786,-3.7191309288939394,-2.8546428719167736,0.3066056981646924,0.197256106492339,-1.3353414267432602,0.3187692691650696,-2.2339040046205474,2.209486292926541,1.3388973431803253,-1.769926079659223,-2.8179153688094054,1.4325489653137768,-1.521546936947379,0.3345775517576365,2.1703680180239355,0.926224735776472,1.7251330839628738,-0.0038803267117299,-1.3045904656995295,187.6580533875376
20022.17348594241,0.8972045367750257,-1.4129712097953568,0.7525732542231512,-3.678057512844991,-4.0278132533585165,4.322365040371105,-0.4178232389151204,2.681489924224508,3.44023655845445,2.0741587779917743,4.035418580947223,1.5864172129410852,2.068691680786241,-2.218903310883498,-1.8003590453483105,0.9198034520662346,-1.289207890067357,-1.8573349850560663,-1.66486487923002,-0.6961571035071785,3.790588803163261,-0.9091899750126724,2.598625591204031,2.614470061379404,2.017007583727799,-0.5241400455481936,3.2002242858140386,-2.363887572278538,39.20495662842343
20665.88569813853,-1.0372461543264564,-0.1903386780836082,-0.8756182533847572,-1.382799730964336,0.9261775475316414,1.9094166404701305,-1.3985675738191412,0.5629692366905709,-0.6506425691218269,-0.487125383764696,-0.5923939242388692,-0.863990769679816,0.0485216279448269,-0.8309501164110378,0.2704568257798388,-0.0502381094491369,-0.2389480468664097,-0.907563662041598,-0.5767713305683327,0.755391225825756,0.5009171876243808,-0.977555244798551,0.0993323054292258,0.751387123371789,-1.6694052811213718,0.543360192379935,-0.6626237589458467,0.5705986685931593,112.85059329816718
21088.20698117778,-0.7632591565425169,-1.804882100664519,-1.6275424378831629,0.0480849466613819,0.2597225017214818,-0.9043166251044086,0.6385924587773739,-1.66152006226896,-0.0660797986473165,-1.211016199762457,-0.6518361078021592,0.047398671316414,-0.8604133652839524,-0.3845555442298253,1.0062928092144403,-0.5768918695231487,0.8356921120651418,-1.129706854657618,0.5298041779152828,1.4415686206579004,-2.4716445001272893,-0.7968952554704768,0.57707212718054,-0.2030453860429927,0.3711458733713088,-0.6039851867158206,0.0865897874728999,-0.1556772353920794,90.19979306056842
24104.539120672827,1.1677820616598074,0.2544208433012131,0.3376026620752022,-0.4118769661224674,-0.4876062240724935,-0.4325581878196209,0.3944521423782968,-0.4209844808202629,0.2897748568964129,2.075400798645439,0.8711247034316923,-0.3260235321678411,1.2012139221639448,-0.4080753730215514,-2.038124535177854,-1.008086310917404,-1.870791921025856,-0.3515134840413086,0.0184183791895517,1.6764373122752827,0.3269273737641626,-0.2191005288088642,0.8294055811834892,-2.211135309007885,0.2356145581085659,0.7708651938869668,-1.4785862457798415,1.143754043206929,92.4197206136358
24351.706075638984,0.3384964074944141,-0.4152879139008013,0.6327818661062848,2.270692857804396,0.1818662550584951,0.248220586300336,-0.4593608995402441,-0.8498443694647918,0.8303358165442456,-0.8560838259088672,0.0715662372193924,-0.4776574467651167,0.4789798257463918,0.3336621052869483,1.0375399442578992,-0.510016398854747,-0.2698749352933712,-0.9787637157823074,-0.4442932600761116,0.3773004930448522,0.7569886166453519,-0.9221653241776254,0.8696059201056602,1.355637858804951,0.4134349032237008,1.876795812558066,-0.773789199103573,-1.244654703311417,114.73797006401978
26955.85311409582,-1.7787202489042786,1.496044311489183,0.6543656563540577,-0.055584670910455,0.2799686263198203,-1.1254890472983765,2.4457519796168263,0.1292211819752275,0.1093947946048928,0.725766623898692,0.4810092317367132,0.2238840242791313,-0.7904744554453119,0.4714683571359957,1.8820244964750337,1.3454200461549777,1.593186626639397,-0.5112156764311852,-0.9896048202585808,-0.1257869200996481,0.0557249122886946,1.0941915184709483,-1.6924646297148194,1.5295503194606137,-0.1580078985789894,-0.42688106994742,-1.0121043752601675,-1.6548566718657691,85.6511580612182
26960.021068453032,0.8231705839619146,0.0733179671884038,-1.289960899741054,-1.295078772063616,-0.3357846992901282,1.669021525289393,-0.2595913513636048,-1.5031429531181062,-0.2457430640859443,-0.2727235697476705,-2.696886642941572,-0.0542948665178122,-0.2309345302086779,0.6962063648134184,1.8489560949453447,1.1265650295477574,-0.2688886905548305,-1.1065259087416703,2.5733598032498604,0.0592184340144882,0.0139292919129462,-0.0241250871100032,0.1980847607678549,-0.1443604119239424,-0.5736620068802363,-0.5468589412403921,-0.0327532702159983,-0.543424771133765,56.04753034927772
29466.56857316397,-0.7128457826771644,0.1064302276918968,-0.2549772174208553,1.5039929885826886,-2.650969808393012,1.0915068519224618,1.246085192497629,-2.073390232408149,-0.3426875940803487,-0.3714408659957914,-1.4075116947178212,-0.7778166875908753,-1.1105758454658288,1.7522704434236227,0.9356783931474612,1.2715550949941588,0.7216720640432351,-1.1290517712172292,-0.5245202662797737,0.489374561227918,-1.2221278088919454,0.7129984301723881,-0.240325398158135,-0.3748208075495975,0.7109599682034915,0.4442633114860397,-0.3609661658190799,1.159329803364248,32.28571165790651
31419.354333386986,-1.081063327599897,0.6159356069442637,0.5931012579683838,-0.3095464393139903,0.326133022242118,-1.251113576385303,0.924027019206901,-0.184902136442989,-0.5227230205190395,1.0490092258368893,-0.7043436905427592,-1.4084612963635597,-1.5566291735239035,0.6060099513456396,-1.280429352496283,1.7547941819843649,-2.081929407883722,1.6964563682900382,0.2110174672026184,-0.0967131118703923,-0.5449190868089497,0.3991361143520708,-0.0376347024248483,1.1033018820165217,0.1142276486620396,0.1503017614618776,-0.3636122122138558,-0.0569456237210674,146.35267886230008
31692.299302673364,0.3078017688920592,-1.7101683926566256,-1.348185422105713,0.743264094022715,0.1708654381279418,-0.1839833363526791,0.0184339330653931,0.347581705361671,-0.5397596803093615,-0.7783047254023127,0.1958452550976815,-0.978372777615032,0.4082527557144718,-1.7025836042378404,1.0291556373256436,0.472597482413043,0.2560297343138756,0.982690983945514,1.6654744444625766,1.0143700650181304,-1.8408742313316453,-1.2795769667357015,-0.6248185776956788,0.0260910502108337,0.517659020469123,-0.7257438131534656,0.1867667644770783,-0.7553829323533225,25.65354440990672
31942.84991481107,-0.6115178029919482,-1.4066610968482225,-0.9232332461109044,-1.3516846056163336,-0.9758732529773329,1.0536417966078395,-0.949398888831943,2.632382064837391,0.4933179008808892,0.1848361236948739,-0.8583577801812136,0.7003098794089914,-0.5756378262377739,0.1220098146453614,2.5600845382687947,-0.0960598997246498,1.1492733262856758,-0.7031764251258874,-0.0349884904969617,1.77080063563551,-0.6269670577877674,1.8124485579969287,0.7077519354554754,-0.5624667758942676,0.632407739055521,0.97255444962673,0.6218099622171964,-1.5702247198904564,117.88065028200192
33865.83862602829,-0.7271371758248686,-0.2475186355515047,-0.0744334291000462,0.620672097550678,0.1777010009332538,-1.3353443587101013,0.3801978510059632,0.6105857452838231,0.5597904479310398,1.0807807255546218,0.8339221545489041,0.4591800792284367,-0.070165711458647,-1.6609609335159914,0.4296182191325858,0.2076876871631111,0.2715788371953734,-1.2767485758203094,-1.0810565404082624,1.0531528533329035,-0.039555153856655,0.6815006973726244,0.0283183761304611,0.0297561394957451,0.9382838059759976,-0.5160447282173739,0.0961207769409833,-0.4622752887050425,26.57024996236536
34338.06976910499,-0.4344962274323156,-0.3091721234686393,0.2221337716337128,-0.4787486216634773,1.2557561255735208,-0.8946073022195039,-0.186871644161359,-0.4397310582741749,1.4469778843537329,0.1965547765115746,1.0318445394686349,-1.485560373036972,0.2670502658692588,0.889630795623437,0.0822839892754241,1.0654803750653512,-0.5172884501003722,1.40934744018558,2.2988981236192503,-0.362838560439659,-0.4455025214007718,1.453384477117701,1.5795721457307124,-0.5228600271532683,-0.4201868170958572,-0.2817846088605072,-1.344450511034277,-0.9186519464841982,98.17100940501912
34503.62955696456,-1.004140766752068,-0.7677975651041284,-0.0346848873867811,0.2342147325365207,1.5505004928140769,-0.998354040738791,0.9843223984765838,-0.2139888442255089,-0.0494637096524329,0.6748194921666038,-1.1227220215622986,0.3824097461840506,0.1664522082130561,0.4924512640081491,0.2891686439078181,2.4553001399108942,-0.637739984251316,-0.5309969550018176,-0.6231405264247644,-0.5554771191602547,-0.6373871273065177,1.1890165311075518,1.4205042479898549,-0.5707462937494763,-0.8323555731042287,0.4714155563864041,-0.5522230442809712,0.6329318177555108,137.46751943563507
36692.19832520612,0.2029230208512997,-1.515744114997232,1.5475052013300616,1.7958776730955217,-0.6127886904843862,-0.3877015599359841,0.2858653907249049,0.334456789987025,0.6585442726728304,2.0102045387663496,-0.1769472274940494,-0.7982972445384537,-1.3793192280145272,-0.7309300399419191,-0.033126972873797,1.7945578635177877,-0.5176112990361714,0.2237879516388985,-0.016422896072752,1.188393273448084,2.5269324258736217,-0.5308687729203206,-0.4894394425182221,1.044160877069072,0.6818914896263114,1.8467073257360336,0.5839281853259639,-0.3592920907870595,24.68138568001089
44717.18082048292,0.5906548306923093,1.1087035805829075,0.820482181197364,0.5072740311072977,1.066674689589154,1.1692955904456728,1.3821589910375272,0.6487098875896427,-0.1671180803168543,0.1467136864333228,1.2065089665083568,-0.8169356709872361,0.3686733088729012,-0.3933388123273607,0.0287448229348174,1.2784518626072987,0.1910990680199033,0.0464365481561488,-1.3598561409799192,0.7462535660272207,0.6454841811410754,2.16325472330546,-0.3077782349530008,0.2191503276639389,0.2493836837107552,1.5774532797634744,-0.0952955323869521,0.2790215257703392,6.181508730450815
46889.11269052921,0.6078965097165392,0.1866091231563581,-0.4464336145505282,0.1940899928983075,1.073631749859772,-1.0265152994110602,0.132969674146876,-0.7001208149391732,1.1950466289248425,-1.5231869047837747,-0.5589218472715883,0.3772118750645208,1.5655240292343404,-0.0657502610729878,-0.5551995266931984,1.88115706944059,-1.448013900416244,-2.198805956620082,0.4400144500533324,-0.5020542243526112,-1.0212328171307132,0.7083564472993533,0.2438007137711988,-0.5640786307367284,-1.2803043986708944,0.8724573282801447,0.650201177958661,-0.0991758637793829,14.038193897663728
48545.48327397939,1.8466369960476656,-1.0700847663261526,-1.5255251709247388,-0.6919080698812444,-0.0455860163554978,0.2433394493226918,-0.2412360578563298,0.3520553965142968,-1.251539424190444,1.4437646040732597,-0.0821511783925688,1.1172958315881276,0.3427253463777041,0.4567532191537839,0.5697672802322039,0.4477085600173149,0.6427227598675439,1.3291525301324314,0.1965211697014701,0.7090037575885123,-0.0897356942872267,1.4401172154494728,-0.6763923020592697,1.8009404329108156,-0.0401579506443434,-1.430775102118048,0.1281044149107892,-0.6810516574748808,93.1396672432166
50324.39542622164,0.8406435489887241,-0.6526239793023909,-0.4461834332147797,-1.889540730945531,-0.4523063192490767,-2.4238793266289567,-1.5839028234857233,0.7604146561442974,0.7858001586508322,0.4254575617849647,-0.966976143129213,-0.0477113561419798,-0.0036025390905684,-1.1583646891925428,1.5033983017671506,0.8773622905756714,-0.2209641738296639,0.0268858389945307,0.2083828079475524,-2.04173486842429,-0.2471773825205969,-0.6819842479977986,-1.0016200098949155,-0.2811002928859549,1.7976865268495226,0.6408428612670098,-0.5711789897827968,0.5725827813561586,189.3436153371088
50482.5952668857,1.399355436586002,0.9246336829127688,0.0596303699201741,-0.6469367777055739,0.6982233136135899,0.3934853854217496,0.8951932200277323,0.6351718016819695,1.0495527153193351,-0.535235211560568,1.3173940656343257,0.1975996046923996,2.075260872625265,-0.6891878180895679,1.7359638031652491,0.1979107834626478,-0.6514180036144483,-0.4838858340543215,-0.3203473081943201,0.4241659464019164,0.5228354880354996,-0.573700003938579,-0.0243545922609828,2.142270358611864,1.7275431701007111,0.4363236696740321,0.0380034781682002,0.1200313267182613,4.604060995765256
52573.05958340812,0.6135179727304166,-1.0227925651984056,-0.2573765374233451,-1.6685840738775894,0.3992231226052792,0.647195939702741,-0.483186462299374,1.5739867632900328,-1.2257656630023412,-1.4643748802098202,0.224451818559972,1.0470983026121543,1.6839276914578687,-0.45888426286894,1.0786808334312956,-0.0385084695007072,-0.1726272999408196,0.8836599374866724,0.6523228784134196,-1.5763921569842494,1.4765403497258958,1.3800913541474515,-0.6255627015095294,0.395803533437409,0.4940301862827388,0.2606737658239071,-0.5503051538454201,-0.6716233679380516,132.48277749529015
52637.25931315845,-0.0255540709914452,1.172729019259365,0.5436001545944323,-0.3706143320861059,0.7716987106483447,-2.8485426206300755,1.1487657003721037,-1.7397137787780996,-0.3624409414031321,-1.119669894626144,-1.2946814757209058,1.1608267873785194,-0.4677012013118913,0.3465038817307158,-0.046920578879184,0.4770408272231214,0.0768218910602553,-1.2829922241885696,0.99626681944714,-0.4937565831613125,-1.556581898659751,-0.4281151609659125,1.5007597906343109,0.8502217421134929,-0.3486521344078592,-0.3492577043184288,-0.3216350512173826,2.076747983560841,41.75153909322173
53737.74519246643,0.3819354522315533,0.4300416471910696,1.0302834540318422,0.2387891590265135,-0.2590421458207031,-0.1963498490849782,-0.0716012594140639,-0.0372222365098415,0.7276295436369798,0.0519458858072994,0.7326400772155792,-0.0807165801085823,0.0786351903160905,-1.998200684532108,0.9163276747024814,0.3464884758979927,0.9980101098596522,-2.8962553781936893,2.0883747047807275,-0.1395896281551737,1.1081828167375165,-1.0399059271255309,0.6127739050625697,-1.053415563173656,-0.6237689606958051,1.914031353866786,-0.1906824007633465,0.2174328731797228,65.11004066337759
53863.673948250216,0.8700677306887542,0.4956818879726046,0.1504189051435764,0.3649610024662254,2.403415585238275,-0.0576187970335853,0.2010990467149675,1.050654396007612,1.1055259329579838,1.18703030556038,0.6387302220291846,-1.1430049127304835,1.633431532301096,-1.146345393018688,0.3026354652390332,-0.7542758500193579,-0.0641383465929925,0.3287624103034804,0.321357215450273,0.4219207542352847,1.613711269058647,0.4535343015139798,-0.2441566352906486,0.9640871682883572,1.1894704889246406,-1.2276078151369925,0.597400069849858,0.7011727423108983,264.30991847557533
56191.67804622189,-0.2975635033599919,1.3757068133116197,-0.1500555870325267,0.1255764534715422,-0.1730718242838696,0.0155790475814675,-1.0962750868952018,-1.4400508825942944,1.5945050632249722,-0.8469613483183278,-0.9913923494563072,-2.153390113603715,-0.6389617476895022,-1.3230897934074983,1.642015160136369,1.009817089342634,-0.6881503451777238,2.2524358053443088,0.9817654869915944,-0.3248313835086224,-2.499405714873573,2.2909425725907417,-1.389572466763596,-1.6453987469568918,1.0225704320096405,2.439752406339273,1.3842728185105182,0.5639091200523596,40.34244487742304
56217.08115589208,0.594754341665286,0.8534155587803077,0.7589285897867651,0.2811914239693758,0.104201103951876,-0.0625931278995224,-0.7539645888666763,-0.280675076866774,-1.6929568141953857,-0.0983396267947498,-0.9885911071509176,-1.103589317215771,0.1798941511534784,1.392002286344599,0.918316606002313,-1.570500603623177,-0.9896281365703375,0.940771187988216,-0.9824873935383096,-0.2246331499970246,0.5500520990245519,-0.9683444548636352,0.1053755061459599,-1.3340254949182044,-0.6013676439512137,0.3197819341425369,-1.5929937335316693,0.440474737960399,62.61185135472468
57179.17869453778,-0.0196377989266812,0.5524899544171478,0.2239141340646614,1.3641404299738442,0.1252245026479072,-0.429405541125253,0.1222975030322837,0.5432980290363879,0.0488600703257043,0.0405916912038823,-0.7019916878067554,-0.6629009175509482,-1.4026052717996935,1.7495767431869391,-1.243863235391285,-0.6929051977959073,-0.7184072655691974,0.8949243769444413,-0.2949496782920278,1.2477420726737338,-0.6734906242438685,0.2789941622238019,-0.8353470532597573,2.1451491277733883,-1.1875984190295128,0.3098207102270275,0.6337768809320985,0.4137990974514982,1.3776881677615842
61646.97485265223,-0.1852876588777083,-0.1298206997334261,0.0438114719791096,-0.1470020016284886,0.9638791167949096,2.2105230015913517,-0.5574917850078336,-1.3698029795790778,-0.0882820483512548,2.5797093376543185,-0.8036745679697308,1.6391168054440677,1.677700814076441,-0.5535882417079946,0.5689830791852754,1.628396623128538,-0.3791277409874871,-0.2035803601023617,-0.5816809139486437,-1.0147567306928669,-0.6492775450660071,-1.2239402667622563,0.034083468259226,-0.7699732310586418,0.2337859117907477,-1.5558956462036273,0.330880232214457,0.8335289616089246,8.512085969485158
61942.87789245031,-1.9937356425714556,0.3740565698475721,1.2276689924732922,-1.2096410186912054,1.6725723868377034,0.4190190093660452,-0.7050118557584089,-0.055769077657706,0.5583269125217224,0.0760053914124115,0.5387559924463692,-0.9206735930793662,0.169360824036078,-1.4137144969049802,-0.1112260613487003,-0.9039076414647896,-0.7355299425897666,1.2360931752104374,1.091310120594269,0.609138120907177,-1.092312764672579,-0.3164084496948019,1.2130976999791834,0.1417169136399047,2.319329539981694,0.3933178393943718,0.1920491164900316,-0.3091164642025014,29.92036464560498
63307.32652114992,0.1335409047822823,-0.1524698363805439,0.7081086766885905,0.956702316794584,-0.7859894605079495,-1.331232953557778,-1.8362053731032968,0.5079913269125437,-1.1033666061738736,-2.152890592952483,0.3885786045309641,2.4929995174327906,-0.0060709115398933,0.8384907744516419,0.081829358547565,-0.0988896531911426,0.9190764829877686,-0.2902745441886513,0.2673923140719029,0.3216978061960136,-0.6680904536430488,0.9920423495365228,-0.1749597566954086,-0.7557451594928447,0.5365098435704035,-0.8984679817910373,0.0281811573691282,-0.0091189966442035,2.824747045872233
64720.53253682424,1.085895565831578,0.4746982328799528,-0.0250269587451439,0.8177662992002871,1.3902075490173134,0.5578103063518622,0.0103526198433806,-1.3118362323501596,-1.0651136630753726,-0.3052247043546676,-0.6095122021592831,-0.186971302985446,0.0566499248971071,0.5296927543567308,-0.0704987780590912,0.4865016438262019,0.0644744148101202,-1.9754665663538715,-0.9393353938187544,-0.1440875557216154,-1.2096947428411076,0.5999287299962045,1.5307508323436974,1.2187618516973169,-0.213442870930208,1.490726136849952,0.1486674572021115,-0.3370859711180393,99.79762963455646
67163.4356583425,-0.6134026635409398,-0.3024696864881283,-0.3881768185412287,0.1704162223754877,0.1605739810498646,0.0030460201534144,0.4369381697463498,1.190646274786341,0.9495541354413236,-1.4848979684499035,-2.553921134901955,0.9343199112392736,-1.366878698415421,-0.2247654018926835,-1.1701130260593595,-1.80198043758002,0.541462728204788,0.7591551603026468,-0.5765104007267194,-2.59104229214491,-0.5462444482524828,0.3918040054025465,-1.4789115687741288,0.1833599197791556,-0.0153098491729955,0.5792914996010884,0.1195803684141532,-0.9730689408815556,55.58201249895719
73879.08797235737,1.196571501664491,-0.15852957302697,-0.0273045395099318,-0.933267959073196,-0.4432822511915103,-0.8848027140269009,-0.172946059923423,1.7117084801423434,-1.3719011429313563,-1.6135613978767411,1.4711703274936083,-0.2093236771518661,-0.6690727386599166,1.0399046873960764,-0.6056155397368641,1.826009713546936,0.6779258713392691,-0.4879114081457026,2.1573082132655035,-0.6057149230033384,0.742095372009307,0.2992925804064919,1.301741289398798,1.561511196726853,0.0320041490657666,-0.7534178703461835,0.4599721429391164,-0.6777153697521061,79.43943957336256
74640.09922135761,2.013387247526623,0.1365353310827374,-0.3653215513121087,0.1846803058649084,-1.3471262895296965,-0.9716140385106516,1.2004139079444254,-0.6568942789713957,-1.0469109826819396,0.5366527525272862,1.185704154662997,0.7189533106650667,0.9960476858058164,-0.7567950885694608,-1.4218106667418438,1.5013336519554867,-0.3226798388421357,-0.2508330164550473,1.328194141849058,0.5562300094006599,0.4558877720816076,2.165002344901084,-0.643518230380143,0.9278401280812372,0.0570131248970845,0.2685922788632569,1.5284684264125317,0.5078357562896237,19.19443306061396
76058.35091820311,0.538296079049633,1.0725073373098022,-0.3649527295428853,-0.8392096673390064,-1.0448091940210336,-1.9663565893760016,2.056207129940322,-1.1032083657216831,-0.221253623585772,-0.2768132998889206,0.3074066978091007,0.8157372125392968,0.8604734883597454,-0.5830774385689385,-0.1671217137864115,0.2825799504882996,-0.248691126183547,1.6073455760199926,0.4909749516382513,0.7348777860498175,0.6628812686674127,1.173473857485325,0.1810215587037069,-1.2968319479558466,0.3996879517526416,-0.651356893791829,-0.5286166817497568,0.5863640187550933,35.08803783889429
78808.8932727038,1.2382830714336357,0.0212715767360616,0.3088330125989638,1.702214944635238,0.2407531794885682,2.601683114180395,0.5655096456315442,-1.7607627591558177,0.7533416211045325,0.3811583848827777,1.2897527540827456,0.6731813512699584,-0.1384559839837738,-1.2242982362893655,-0.2090232572860252,-0.8505204542093001,-0.5805234498047227,0.5885784044206096,1.6699045043514062,0.3946715298229811,-1.1958830620351844,0.4446026682201407,1.196631486645651,-0.6097829043193822,-0.1340171666729177,0.014688194729197,-0.78489831308224,0.648280433843859,109.0121859148712
81598.73906798483,-0.1209481486077815,0.4195324439070277,-0.8874921778021001,-0.4374583003234104,0.7223813578277714,-0.372833152091767,1.7269638512334051,-0.3996361856146023,0.2246847257518859,0.93259083187309,-1.4183657329330317,-1.760808811980776,-1.5256563145700948,1.262584103427182,-0.5518581458924467,2.5581992856682523,-0.5642475986573886,0.1845513031970369,1.5421099525678756,2.006092888159123,2.061503576636398,1.2083662305931424,1.0240625258114624,0.5925269492011831,0.7783610761666377,-0.5511857163285334,-0.8181988834223072,-0.003374457410952,336.10940858995065
85327.87905176672,-0.1701846225249284,-0.4532280493272752,0.6963874474567153,0.9553052085705108,0.0884068862918473,1.4775300810552618,-1.141689114133505,-0.1936594592797181,-0.7168223206028049,-1.86653661707306,-0.0826806858426992,-0.1217475083832835,1.513449743242131,0.6308116845547775,-1.024186824329205,1.8540925663341885,1.221033695525353,0.5820977034686158,-0.2264840988498319,-0.9594392367234796,-0.372206776071053,1.088748619704186,1.884586305934609,1.543243528272189,-0.4888494217862741,-1.1196174332890112,0.1408862469112039,-1.7684393655628516,5.173209970347977
85566.57006722748,0.3231677141847814,-0.1476025862986686,-0.4660365018682422,-1.5947030672667954,0.5136001065697166,-0.5327008396619114,-1.169916835710288,-2.8722622132816493,-0.0275149050506362,1.772251596669744,1.66125921454787,-0.4570962565862718,-0.6022120603617805,0.4687742560750237,-0.9983854391882916,0.3017918998194659,0.7660802783846903,1.2269332238843076,-0.1001540764799527,-0.2036737501769658,-0.877982586756561,-0.82688035403986,-0.2264788919015267,0.3673655068161781,0.9135846262332494,-0.8031789506803448,1.4926885689595215,-0.2711236010425688,221.0774856810118
88859.71095787208,-0.0213672943484361,-0.7472116791478234,-2.4242402602729416,0.8840453963610497,0.7368438970924334,-0.2813275571182134,0.0669907172248719,0.5159392177040995,-1.562545856886543,-0.5290526773462948,0.7942646796218271,-1.2542894231692494,0.2935579321666293,-1.356581804623405,0.4664299824335263,-0.0356414822974835,-1.6151318159055097,1.1647393544571714,-0.7345915767980492,-0.810252437014381,0.2005691972309428,1.1486373494287152,-1.015821818978397,0.0616798498479716,0.4288165003305729,0.6931056072631441,0.1764415552772252,-0.3670278390833223,86.01022914022198
89867.7540595257,-0.8275902206487197,0.0861438830463747,-1.072139011985607,-2.921350483494608,0.4365598041576678,0.9039348410861952,-2.3629324355418384,-1.0097307047099375,0.6191542610051978,2.0574954697116987,0.0207937076754078,-0.7280029412291344,-0.1828964411048401,1.3748764191481848,-0.6459641791245353,-0.7991920066502536,-0.4827435221820324,-0.9533286082587124,0.1226703159947955,1.6246784584695606,0.3230792731160291,-0.2523535021262876,-0.2918112689155441,-1.563190808696657,0.883109777147159,-0.077837197012802,-0.1804799135906256,3.193107567844861,82.99285727291361
90328.23291720856,0.2987529083656862,-0.7517910500951843,-0.4263575962055433,1.1484457091967548,0.1132704105377644,-1.4382779783173667,0.9192289345752036,-0.668144085538994,1.8732977762175456,1.0800480657146485,-0.4473218956587512,1.281016361735113,0.0678555105274033,0.8527736751222195,0.4847328172944747,-0.8463566549908735,-0.643549832317462,1.0299608175811612,-0.3347753321065408,-0.4036484632419967,-0.955122579349353,0.423599065593461,2.062524919243145,-1.0675329142542729,0.024219456672758,1.4122205554154292,-0.0796413912457151,0.4523717962497339,69.37044061968388
90677.9113860507,-1.0623935281468797,0.4283070972076486,-0.1871442650045487,0.985729995679863,1.1873860515647512,2.589563642018614,0.5796331732135757,0.3257963165821664,0.194384301577336,-0.3531662928106883,0.3384838434616911,-0.2954014101390294,0.1684609762696143,1.3175975356079597,-1.0065425652796411,1.1398785611290454,1.3171150673398653,-0.1180685269910787,-2.1218548990085946,-0.6078219870944325,1.2969945465611092,-0.0228680622988821,-0.9993022322949108,-0.5047749212282174,0.840620026504553,0.5467335682013793,-0.2389320991696943,-0.3668244118146875,7.191938444906127
93777.88316974531,-0.3917581490438219,-0.9224101844985024,1.6153756894694418,-0.3223204692113399,1.2171585208254965,1.5213160519224511,0.9983108981479604,-0.4316203127180484,0.4037300903366094,-0.0241956063909161,-0.903701860730128,0.324359281721603,-1.1790397911598025,1.1876793884615635,-0.4646172972983931,0.2011596558728393,0.2832878715461421,-0.2589049737040773,0.5866938014752747,-0.4749036566225244,0.8712972974572442,-1.3459796802467483,0.1263795795464118,1.9389289990582848,-1.0003313246055747,-0.6777449705248515,0.513907849658915,0.1795817819395979,9.417536086475614
94471.53627051871,0.3506300992735592,0.4891871301476635,0.6347214685617699,1.1096998419562232,0.4098186569285125,-0.2412576546185424,0.6725737012027313,1.899881934895216,-0.1326337463825735,-0.9745293046706416,1.1070806692869728,-0.1203811639535982,-2.172669546014036,0.8474216771504216,-0.5353281859539227,-0.0905332823041607,0.3319803305690145,0.1904996797790664,0.7094518171390395,-0.4354863705698433,0.5131057981760827,-0.2595466775839172,0.738810480887503,0.6153674840130534,-0.9354387020445952,1.0859821161750325,-0.535963445114048,0.8080577982811451,91.85733492117532
96988.69974000896,0.3672873134013406,1.8381836767951223,-0.2234659823718521,-0.3493167961181975,-0.0194196058877326,-0.3031797828342754,0.7999419019420501,-1.616310608436588,-1.053682419146354,-1.067802921579193,0.9503075919735756,1.7106133725819253,-0.1044492185374715,-0.1688217231900106,0.0700521631131813,1.1618783026081905,-0.927353134190574,0.2383689827347851,0.9751976297824296,0.5010941699398452,0.1895816165987434,1.0010460925671412,-2.703232292999237,0.6778753195309076,-0.6540756831274238,-1.830632896856457,0.5112025995249807,1.3736585451629575,41.69688806522
102369.23749936094,-0.1374485146276918,0.9528745472029388,1.6122782579886454,1.3149144535840471,1.639964529371393,0.7421274910718922,0.0754336389015928,-1.6019658118971685,-0.2460624881299485,-0.8432465953161917,2.1709427174978138,-0.1758858124323366,0.1232048067844856,0.5514853760404675,0.0436024463724537,1.695051040430753,-0.622649361734452,0.1946074552372427,-0.7424705856980482,-1.3200225112207058,-0.6117690909052854,-0.037036797048412,-0.4293022245172599,-0.692420979873856,-1.406317463671834,-0.0831055726286947,-1.5047203740310022,0.7600559636896026,249.21496157845496
103317.11633855553,0.0824397529345032,-1.4575514994649306,-0.3092090770498634,-0.7521564055905832,0.3191745104191804,1.3404504460231446,-1.8751724696457448,0.1150260791474171,-0.1601327955666404,0.6713400764504657,0.2131966282376891,-0.7519693317388191,-0.3190539356666181,-0.796025856803489,1.0760071385985983,0.0213116486719422,1.9011906857530076,-0.0606608138146207,-0.7084067669104628,-1.5137143926128271,-1.803139676255945,-1.5841359430054898,0.2671266510114834,0.5087250232299338,-1.5811907020321334,0.8950383140761154,-0.4830610516834395,0.1467930119855493,52.18706247737461
103448.18606924792,1.6122206282554243,0.8968393158655319,-0.2685306479058323,-0.8911922254152874,-2.151815401329305,-0.7191533192424201,-0.2111302388276944,-0.987179527151184,-0.1312569670923047,0.0768518829587682,-0.2248559818080785,-0.6500025808234597,0.1686546719667276,0.441940649569409,-1.090399077442846,1.41093237974627,-0.0985881322842617,0.0188496229448476,0.7082144232565571,0.2332161312635016,0.9531366339132452,0.2871241652018242,-0.6124373746404379,0.3615035252061016,-1.1437262073206618,0.1085597057765231,-0.0332299906444608,-0.2081168572725397,15.464583755069372
103872.67402922647,-0.1285375114389307,-1.881849045497639,-0.5487249077409615,0.0928449011411147,0.1598563919974003,-1.027675140925958,1.265707840864701,-0.8661748482145009,0.9694572005267368,0.4271943618716848,-0.646227309843803,1.775310892609512,-1.19363683175648,0.9191541736100016,1.0005823180429785,-0.6706202090766449,1.3924653000643288,-0.2500465145989528,0.288693629279857,0.2603218387712207,-0.1343087414705478,0.8108082731597821,0.793488720552213,-1.7485319732381808,1.3043402428781523,-1.6624919880356743,1.0325462043416571,1.126705136827583,125.42800359175764
104983.75040856857,-1.0909664302151982,-0.4108142879545848,-1.1057046684859355,-0.2149210302887353,-0.3080342841857412,0.7796605322693398,1.3103087461196083,1.395683810789956,-0.5621680265783021,-0.2092218737445277,-1.6834381922209505,-0.8058700664961888,0.9648516330974576,1.6155828235482317,-1.234348871879922,-0.5924642591528942,-0.026405756958927,0.2801611588196068,-0.8096035199216461,0.4240610444640897,-0.4738393470709161,-0.0144522708782791,0.5462842480036996,0.0064222698109378,-0.4363858905265686,-0.1096098039258308,-0.0883629592053353,-0.3700110298821277,34.72246269556979
105728.18020802716,-0.2587960626671023,1.598647170504717,0.5609194479412387,-0.2954803180291603,0.6969544045107356,-0.3338194897560099,1.173124637586641,0.3696421921980939,-0.1073021440042288,0.4477169258102776,-1.5708761520684993,-1.1267674689098053,-1.1939250063990554,0.1429430947637067,1.732514999485092,2.2313001461926323,0.6380511014407572,0.5008444749444569,-1.801057734152739,-0.5426737997340217,-0.7877837519082389,-0.620847598251116,-0.1681438185847896,-0.4720905776971273,-1.979299810375788,0.7479102561175338,-1.0727430257398065,0.2392468641111495,74.54310861900855
107705.916315802,2.074082669749973,-0.9193845915864234,-2.5302875227463297,-0.2860042218801108,1.100959634998571,1.9583474542205936,-1.2295495944524168,0.4966992232365217,-0.4653104567800533,-0.1059483543041356,2.6443433470170348,-1.5029703283951532,0.2537396614945734,0.4676931717654332,1.0857863249393471,0.0979831534708954,0.3080505395041023,-0.3916485674217911,0.2691269412451073,-0.3431922754974105,0.6215718898560508,-0.3696103360436339,0.3771003939021864,-0.0292628136849783,1.126050250772168,-0.0513937235884862,-1.7730324682068814,1.2619215007139917,119.67747244569956
110169.93105018082,-0.9057323008626188,-0.6537663386488198,-0.5956612940434921,1.374438093170817,-2.1356742139786955,3.1377485336599937,1.0560568090660518,0.2232389141291596,-0.0548940006162863,0.2855540748576569,0.5211224283793383,0.645215585950057,0.5556044660034485,0.0895806812552488,-0.1973384203073261,-0.1512732836535117,-0.194908280352681,1.1337700968670643,0.5935567222808619,-2.94038863466428,0.655900776529761,0.1947361947187748,-0.0187087564458974,-0.3885184530888858,1.1241127199860137,0.9475264621228578,-0.7728776678236091,0.4070522871245351,230.5229698904294
114483.85073636808,-0.971656734541286,-1.3796181647889303,-0.6267172245899651,0.8623934723827588,0.9531250453760868,0.513085420097293,0.7250957868479971,0.5161782871149584,-0.6414815952229522,0.4319225446739406,0.8004095252276823,0.7542913298135743,1.188913371474643,0.7083038472010638,0.3514482075415829,1.0701502383164274,-0.02652125924906,-0.8818746512277178,-0.1630669639437638,-0.7449026448064491,-0.6751782749743815,-0.1445186707155178,-0.7924199209999613,-0.3079615296390403,-1.8936146669537857,0.2132937073729385,0.0012054753622242,-0.8170886310681906,157.1136827786808
118235.4669813007,0.6592456684324051,0.9375701376265584,-1.607559864368974,-0.7627247785662142,-0.7691423497872982,-0.9399031011088648,0.8294748419317485,-0.1938261387728035,-0.2645148413106107,-2.003862364406753,0.6354180302092264,-1.2392583948534726,0.0599326302663282,0.2773769379581917,1.360658595838651,-1.308820399119112,-3.0195121558208253,0.1838495447536948,1.8005111815108537,1.2389463529394371,0.2096594152746257,-0.4916361856320473,0.8071225966373103,-0.9735461997044688,0.4763577693562192,0.5054701591666269,1.0602099074988798,2.7596600389110777,112.81267916175996
122144.94901686824,0.392415967178767,-0.5089636257074988,-0.0255743121919944,-1.7690759048891185,-0.6947131310890582,-0.409282438113104,-0.5240883979345925,0.152354872033722,-0.8224199323822006,1.1210306673244714,0.000207064918197,-0.0093003211386144,-0.3278947165129178,0.1551906838589791,0.8250982646676347,-0.8671302157109003,-0.6581164890752567,-0.3037260287766646,-1.345870923473215,-0.8192578597214978,-0.476220873544659,0.8743891807127275,0.2625613290019249,0.1935899113675443,0.8508979621679722,-0.1373717883993966,0.3904648499288896,-0.1032217529324962,113.82886346791264
122354.94144315664,0.2653623493996284,-0.5827586576115821,-2.438817158276429,-0.1342791621863041,1.42274813609994,0.9262154022415924,0.9653974845911708,1.236130721806218,0.0886575909614374,0.1973157074055956,-0.6176518954343502,-0.3160728560270497,0.6157711497711416,1.2038844371688162,-0.1394462756809995,-0.4501892648514116,0.0005279588565972,0.6012067489291149,-1.4438548161335418,-2.296180953137238,-0.5505368494915835,-1.2207124259141586,-0.5081401976473109,-0.1477803188174715,-0.4532484090230134,1.4524675344707454,0.32674476460232,0.3004743596108283,291.7376724309139
123248.69923213354,0.6222071440434019,-1.1388331177807691,1.0391117874202689,-0.0757642865354598,0.6704806172412126,-1.0718572330401557,-1.5537587660160643,0.8178896580250287,0.3764095260975166,-0.9020515543575104,-0.8696630812746944,1.1254347844147694,-1.1894118928673278,1.6426729532559634,-0.9006207346478687,0.638391925608383,-0.3286184757489846,0.6031874310823431,-0.5441140021141926,-0.1627929060722942,0.0409191753957211,-1.0021874557814727,0.7408243454201259,-0.5132135664715852,-0.2285999153400185,-0.9943493746085122,-2.5623336587953105,-0.191027762600169,35.07270925236809
125972.4386374826,2.412615421612916,0.7846042878980238,-0.0192603797343946,-0.2628908292082677,0.0224658928120463,0.54711911517521,-1.1808128153088449,1.114321694668872,0.7153813154412441,0.7181857257079345,0.4384757388097273,0.0196166576939899,0.6728612359668199,0.591814133741378,-0.3540407109410238,-0.573601772896901,0.1018562952619867,1.5490201514951871,-1.2391070756539009,-1.46752526575244,0.1647608412365167,0.050887701856018,0.1733416643704082,0.2439531979085002,-0.2232022546348051,1.489863438602082,-1.6009039784765156,-0.828497024780246,0.1112713031782865
126075.94761681747,-0.1032547601490473,-1.6431888111541673,-0.1758544044320711,1.6614701657280182,0.0208864882959617,0.2307009057186834,-1.2601647651725802,-0.6163614080394775,-0.375196380323937,-0.317715096756234,1.281643795003769,0.5576910607251245,-1.111457956937032,0.2465047784320048,0.4982217484967851,1.1401490385212665,1.5805406865683735,-1.0150941918278686,-0.8108575112103382,-1.2575778589146165,-0.2340198591069813,0.4663583744463345,0.987334516589102,-0.0759510236425227,-0.3198475232548439,0.1517579922487403,-0.835142901630023,2.0895387216947734,31.73918143243312
126488.5531450108,-1.6076610271180587,0.1847405788957244,2.02360621922964,0.0067998445599977,-0.1900390350014944,-0.3574454228104272,-0.1803916817624078,1.3728484746765302,-2.211861911329507,1.5334337012963255,-1.423957152450145,-0.2666523292344148,-0.4292444202986618,0.5885532697707198,-1.5981243518837476,0.4621726660819428,2.0243096232868525,-1.3631740045928105,0.1897061676103956,-0.6619821777966091,0.4258872061930357,0.019147777415752,-0.6414869090443096,0.487872284871074,1.804348109786743,-0.1909037917272986,0.7197579421481819,-1.2932729578711637,24.576164734957565
131463.65640099987,-0.9564363768180087,0.4724062778803773,1.484116028535965,0.35561334878566,-0.3130580305231543,-0.0007085945766459,-1.2504077339697175,0.6045153263553668,0.8823330623234091,-0.4520903328330803,-0.4700421477595015,0.2658782296520485,-0.4367197360405955,-0.0661326146258224,2.0997217891665154,-0.2470257007459966,-0.3583401520212222,-0.6475418056351592,0.7441919714999368,-0.181224173218103,-0.649373038321426,1.321304032273012,1.4196030045136372,-0.6004235657387051,-1.866539951360616,1.007513689836922,-0.684629825760004,0.7906255991627686,108.42201100590398
133223.12869614814,-1.9701038177118355,0.8925973382993092,-1.2111719292807812,0.7307641190665245,0.0142730678364341,-0.9539394193966448,-0.4070363129267805,0.6863184569567008,0.1058944531152342,0.5844129804724842,1.976440584515485,-1.5642416117110514,1.617212574968624,0.1043559375232129,-0.8987840483231282,-1.3303136257389898,-0.1891203907770335,0.9216501119244592,-0.1275491203775342,1.5111549302473477,-1.4511756900515589,-0.0120889478460545,-1.252393444413119,0.3636318826249679,0.8868873900973003,-0.4207617936810532,-2.6042138566271342,0.1989481467964945,100.43342770903524
133275.51590733143,0.4367385517335095,0.4042947549616976,1.235782191822154,-1.0710536796490489,0.6802161054504494,1.192507512477975,-1.7785875840065168,0.3196518259189772,-0.5041798310076715,-0.0815226731016458,0.3476764835383363,-0.4872285641135523,-0.6757080791616118,0.0341524174880246,-1.0872459388628026,-1.0858251288851857,0.6793732829565033,-1.148794035158656,0.6663125009092119,0.4625912928539512,-1.7258067287905967,-0.6775646523356551,1.1941094030473725,-0.9811655311396816,-0.4644042623093876,0.4620608932518965,0.7833905092825955,-0.2515388860444957,90.00763550100638
133443.8961344624,-0.5975101946916416,1.4223698616985077,1.7388996637975789,0.9788580507817954,0.085318142565024,-0.8082657216409264,-0.8304444065565653,0.5225141052657575,0.4183982208886837,1.4015985929464294,0.6504500925361392,-1.503080301759818,1.0519476177229186,-0.9980606273144128,-0.3839712719523516,0.2502002062516945,1.9956674897839644,3.109918556005361,0.6067230591361827,-0.1831966187203878,0.5345056484805503,0.8876554258738361,-0.3206676255571917,1.7952113559123222,0.230070759191402,0.4977430890913942,0.6659242520544614,0.4215866106144557,1.6376814174340515
133942.9518768006,0.8389405004696122,-0.6172531865469232,-0.5583017539460305,-1.100154232971695,0.4395012306202264,0.7789365035121141,0.4577728661518858,1.6744924333475373,-0.0055960188290465,0.6687416555925126,-1.0917008761393143,-0.387099702474401,0.6955377575657775,0.849102110743144,-0.2939669476641822,-0.0715992518580668,-1.5178737466808094,-0.3570292008066094,0.8903831635197862,0.5752050161065663,0.5006657213812097,0.04977368718096,0.0070631586281764,-0.6603211394734471,0.6988284202025348,0.4209729443893898,0.4920188479927992,-0.5260348426675804,130.48178060225274
135678.40612871276,-2.1533429198712444,1.0971527117536957,-0.4788374560084041,-0.8627757640431206,0.6934789119139937,-0.3920126399191296,1.0599363840466218,0.6170059495766975,0.6835693232004776,-1.3659557112005345,1.2119439853864005,0.261250531233856,-0.3692771392462031,0.143388467342251,-1.77623523289832,0.4086528114806708,-1.0293715081820716,-1.3526702858435344,-1.5223591862178911,1.1126883749899252,-0.6292633936927887,1.5337277099164992,-0.5358014630522978,-1.7073579575929467,-1.1165244399486591,1.235811620006939,-0.1558981779366675,-0.5482872964906009,39.08677880144847
138619.63827429805,0.1600182258527877,0.501782736167545,1.1173988159024608,1.4484992298929262,-0.3597686457890857,-1.3260476860820385,-0.413465161123276,0.2602805065828861,-0.9637589262106108,-0.9571509148950428,0.3437878815498854,-0.0486523515704511,0.0327969954115865,-0.7584953347000695,-0.2304007142057673,-0.9242331442683044,0.8901984111247868,1.0352493347237526,-1.8461878622380936,-0.92951086019241,-1.496529255090079,-0.6500239344068982,-0.0834379697903608,-1.44964521969853,-0.9218598131253132,-1.0039573720814985,0.2072673293989439,0.0693443370362504,109.37918924881512
139691.06175452447,-0.7217375533372533,0.1768208721393979,-0.5466800845872654,-0.2716551103260533,1.673452090298537,1.340461051790348,-1.2995812369275976,0.8297324178791745,0.8113965544915921,-1.1482632887526183,0.8187776437548606,1.5379319184125528,-1.122544806244414,-0.9175028210142636,1.0176614668435024,0.271495310825648,0.5514762752395233,0.3405892164004968,0.3906959209281441,-1.326472128311083,1.0473177066214483,1.1695899924277735,-0.2293907440680277,-0.0434769498138624,-1.531107502555722,0.5142547560178349,0.5720574417141441,-0.062191016999311,81.32343327851879
140911.73483699534,1.1243533598705029,-0.3340772309799405,0.5646059258936003,-1.0196643386921156,-0.0235521508742381,-0.1743542579028358,0.2253079220409415,-0.3695269288333586,-0.1314725956716678,0.8260471714415063,-0.4367642372382174,-1.606577100738679,1.7495839042054206,1.3814540786904863,-1.2922626951056186,0.6897078052451944,-0.5029747705513431,0.2634872153310595,0.2942241290134937,-0.234407800316322,-0.7837656655863965,-0.6905410523162594,-0.9161919154812423,-0.8318222082304447,-0.0671782900493552,-0.7157599891107518,0.6820520657126199,1.4872461553359273,41.96617940023343
143205.8415814534,-0.580053241370043,0.239404500535377,0.4996851103029338,0.4720022709192744,0.0759552679160874,0.7426824183597224,0.4822489526806572,-1.2376624223272978,0.8691560643892732,0.8872908372667421,-0.7632861041785816,0.037937835447602,0.6833289928110694,-0.2093138195793615,1.0729780477660118,2.3638724946193608,-0.7859860326349823,-1.3810446031537749,0.3038185956048757,0.7215625051261435,-0.2308663738447689,1.4532606633210343,-1.3386057997232488,0.6929186230316111,-0.6058608207588934,1.7193779062072967,1.9925153531681183,-0.7666565877833479,14.45360273752324
143846.08833031286,-0.5495571359085801,0.8595878869798019,-0.3871306497895146,-0.0454112179322382,0.0253884205424101,-1.9196731561976563,-0.0138377460942372,-0.6897277740641738,-0.493122822399772,1.4436320034688142,-1.2565068942792563,0.8132051867479773,-0.2789629303318085,-0.2797601684958344,0.7903718960517113,0.3400512945688904,0.570612997219531,0.9681846605328612,-0.3313083831833227,-0.6122367345077503,-1.085150526557798,-0.8254105299789551,2.949094425308725,1.2446795807367868,-1.3510743662080211,-1.32245795674357,0.4818660617184915,0.547264797377967,9.917843930890069
149144.27199130255,0.5488838353173644,-0.2549557935536978,-0.1254542600029002,0.3278795241593574,0.0858930062933304,-2.219300372747535,-0.2297996305751938,-0.8514064342603136,0.175211418908512,2.98525900260341,0.3674816654743044,-0.3135296861723979,0.9218015019772522,0.4826878872092127,0.4200944904518413,0.606850593215671,2.0565435648295414,-1.1308884353259157,0.4736320768114544,-0.9263811299815384,0.5555126463422483,-0.9186865114860944,-0.4173668136050844,-0.2950899142379063,0.975816719344709,0.9184544439424138,-1.2457173764463845,0.0549341109998487,178.09283369620303
149675.2379899088,-0.7095798547491726,-1.2585049106753343,-0.2170170504243704,-0.3084827884558197,2.4267164863455224,0.4329598253606961,-1.3776175007542373,-0.5647740041709423,1.0213832954293984,2.088442772869925,-1.5859833122379583,-1.879924385139045,1.8709651753717824,0.3896141773709038,-0.8682927318763665,0.5346290861224353,-2.6357477390168778,0.0033755065971609,0.3278211728430852,0.9242701395378298,-1.0138959522925377,0.085687161403359,-0.9254246260595872,0.2553837556743171,-0.8953463223630241,-0.4081008391602206,-0.9958153947902292,0.651136241823657,250.5895895916186
153310.36191718924,0.8584511166566653,-0.2346205699574138,0.0382379949600283,-1.448591414633544,-0.299676648006787,-0.0502046170417447,2.620793091029975,-1.1119670257741636,1.4641772387524374,0.996858773465808,0.2806364044901364,1.7586204841951334,0.3721054726068629,0.3891591956679287,-0.0531206530175453,1.2235688824186275,1.0964692338108837,-0.6256772874962124,-1.3192471945987674,-0.202980637395657,-0.8000385643976464,-0.0635245746153551,1.2374381346841392,-0.45730165508679,-0.0428233813115748,0.0580227348083952,0.8484308822052846,-2.246889333984605,104.92167271152296
154626.1661538977,-0.6067002947652967,0.2112836922794727,1.2000789564268612,-0.4919024475062051,-1.876552706041874,0.6197114459661363,-0.6353623888256293,-1.1896666590903613,-0.6243453897132241,-0.1845253576558495,-0.6047446645382127,-2.205566057099069,0.8970661968871322,1.2748750412787222,0.6515219913395057,-1.1376856704248166,-0.2014915339475179,-0.006521315229458,0.5987943895619102,0.6683404887180808,-0.7341737987784958,0.0819955564135604,0.4572804046152411,1.4558223221467663,0.7045065398247231,0.7890566873755189,0.0838266279293609,1.4104591452035038,10.91834971264241
157130.56547921355,0.4097627959594974,-0.8610879101735704,1.4033699701251907,0.6979032725390276,-0.4430440211284823,-0.4794929673992433,0.2965755451407618,0.4631847952675847,0.1972922656312064,0.3113086734428849,1.6999573745763803,1.0715431522348855,0.1906355912650243,0.9413105807674832,-1.0325239035275395,0.3979270499468089,1.80930634973311,-0.2180458953923738,-0.8476339286190848,-0.6520888885930607,-1.0896330373423884,-0.7847619081277034,-0.370508098590029,-1.405567019178642,0.015618333949603,0.9022771737866472,-0.9077561801469204,1.5192839236417688,51.42100392583
159299.8678119946,0.5107920885275947,1.0305805856240573,-0.6578345538521371,0.8545252270666157,-1.091933900395313,0.8902475008365087,0.1718393397935312,0.5532512199847837,-1.1755946056248516,-0.8950698422766047,0.5972282182533848,-0.9483480042242008,0.463206292099123,-1.3671378064602455,0.8481742126666681,-1.232523314768509,0.5522999376795232,0.6256309336460009,-0.6967718184295749,0.5820265670847269,0.2604422633335559,-0.5388418561927383,-1.008554684076208,-1.962625691672579,0.3496500472996937,-1.5648027713620551,0.0953441994413082,-0.2634482160822491,130.54121294104905
162345.4171022919,0.6791427754381955,-0.3020454994898642,-0.3294477863470914,0.7318707042882956,0.3350580290841175,0.3161559571827783,0.4692675898085262,-1.5355721232071058,0.756788679986982,0.6124687940136023,-1.0166831285764972,-0.2440804736742013,-0.0393072876276311,-0.1344967844017327,0.3338599665685346,1.4313667818311837,1.0817667276728289,-1.3122191934314065,0.6220699903060487,1.3289333195354096,0.3868085206892026,1.090980425185967,2.012270445700765,1.0237095461069814,0.2493085956417288,1.0450884740847537,0.1448878330968911,0.0239030432849554,151.3313900290569
163967.42083737598,-0.3514142357137325,1.5634133588321082,-0.8184286659420014,1.532367724678116,0.4998641237403713,-1.3993061748019415,0.3676492929914216,-2.100026507651624,0.6255080168310357,0.885231482988991,-0.5923559556520536,0.1235476959555823,1.9541574337502865,-0.5057467042619367,-1.0589075870566005,1.4816634024625988,1.9625871905307948,0.0036956718478473,1.0114630354083562,1.341475915530881,-0.742484232538384,-0.4853058353678683,1.230874513154735,1.6850142787085094,0.5628808601743548,-0.8798143535020543,1.9870611116994408,-0.5309708978119645,12.581112477879058
164283.43214763352,-0.3351377811714517,0.3423378344896214,1.554160420714774,0.8539759765522237,0.4148655003619104,0.4632885301181062,0.043514668643466,0.5581395145185063,-2.529560077694303,-0.2966074590697983,0.241321934916781,-1.151014083619507,0.38632331781156,-0.2044712209861215,1.75547569831549,1.5730197252148563,-0.4658055691181628,-0.1508377115666953,-0.0739475656083926,-0.4516594761596227,0.1950249840281267,-0.7582820688875902,-1.1306153349375263,0.6227112239002686,0.6295295842218108,-0.8043157596599924,0.8953554307625996,-0.6315777291653314,0.0030719317215809
166861.21531528386,0.2531652380379812,0.820344012612456,-0.033612564703713,0.4547409121411344,-0.5164296438875717,-0.1964665834280971,-0.2058594308803403,-0.7465783465402389,-0.1767741631157821,-1.5486182988637467,-0.4911537471421047,-0.2848754933696708,-0.2561797524953801,-0.2414974458707788,-0.0617641998601289,0.4794415180860639,0.8745170741325226,-0.6497652268482671,-1.2032008553891445,-1.042044412243103,-0.4872029211949271,-0.3519213178165091,-0.7699960661974573,-1.2961166642498945,-0.4561208274741882,0.1814266201139713,0.5950294658355647,-0.5574230531083212,124.52707658526182
167544.22367771572,-0.412997822143434,-0.9266983088473107,-0.0314391703747764,-0.8484286341908146,0.5731278132412001,-1.7858664919341112,-0.3596296724524624,0.3011073391917421,0.1838345163225043,2.6930336639804966,0.3498000245679075,-1.0040545968420105,-0.095464247089073,-1.7762463334664518,-0.0805997492967608,-0.8330560570007587,0.9153902755601616,-0.5495402745955349,-0.1167659157952466,-0.6355578414044034,1.7388513518533313,-0.3212427661179117,1.8325570434792016,0.8141517621182666,0.4820667273353861,0.3687331473175197,0.3937972982162515,-1.92767257934561,44.09827207478818
167600.42245359262,-0.2788833941507565,0.8451579711843216,-0.0488971834741055,-1.405189846803575,-0.0524044505774694,1.7041055162554912,1.2468917155347194,-0.0620040093660317,0.9514492770580866,-0.3665070203680518,-1.703871586826719,-0.9244659881295544,1.5628887685081978,-0.2739930818293042,-0.243383979375018,-0.2998381962748805,1.904136589573007,1.6259589153620633,2.218780233448134,-0.1590452104000513,0.295624488747095,-1.5166425494207911,1.4769344261182744,-1.167779551267935,0.2167755637626291,-1.097302527632844,-0.5888668267386961,-0.8372624310497003,29.367510366667695
170534.06264456938,-0.6078752606758179,-0.5391227031489786,-0.5482687949250771,0.8333339117803071,-1.10486279306252,0.2205414270138668,1.2179591523055584,-0.513196364513396,-0.7179188907476018,-0.2305246251802508,1.1797252083607102,0.1941076309533577,-0.5312142946075985,0.4838766511880397,-1.102292149836423,0.681359510442948,0.4086073077017676,-0.3078084711388841,-0.838585798447231,-0.8866809222834573,0.5348173363459102,1.228980502489062,-0.6373077470287948,0.4583867035514842,-2.0870270186020687,-0.5846177306571996,-0.0310589328709019,-0.9096834169818336,1.2981364284835386
170634.06264456938,2.6114849702939837,-3.058652636161701,-1.1594737425017343,-3.742323297366672,-1.790791965843334,2.807719882787998,1.2863083701472566,-0.7204737406347346,0.7549602518385067,-6.2246149582505605,0.8389942423023786,-8.716922269530524,0.0517039395128979,-11.272632321380007,1.7137709138403228,0.3558392086374521,-8.04395408945703,-2.303411966722887,-3.2093260352783965,-3.23682471334648,-0.6614103862498657,0.3245398169372484,0.6958882998896598,2.229047169911384,-1.356246684747668,-0.4129914550109828,-3.0412564575888763,-3.592807953284276,569.2912382022166
170734.06264456938,2.6114849702939837,-3.058652636161701,-1.1594737425017343,-3.742323297366672,-1.790791965843334,2.807719882787998,1.2863083701472566,-0.7204737406347346,0.7549602518385067,-7.194842576579595,0.8389942423023786,-6.2719007669964375,0.0517039395128979,-11.200515535995676,1.7137709138403228,0.3558392086374521,-9.42117315401554,-2.303411966722887,-3.2093260352783965,-3.23682471334648,-0.6614103862498657,0.3245398169372484,0.6958882998896598,2.229047169911384,-1.356246684747668,-0.4129914550109828,-3.0412564575888763,-3.592807953284276,1041.8417033142157
170834.06264456938,2.6114849702939837,-3.058652636161701,-1.1594737425017343,-3.742323297366672,-1.790791965843334,2.807719882787998,1.2863083701472566,-0.7204737406347346,0.7549602518385067,-5.318514628456516,0.8389942423023786,-8.870755220431755,0.0517039395128979,-11.14646148604999,1.7137709138403228,0.3558392086374521,-8.638445517545017,-2.303411966722887,-3.2093260352783965,-3.23682471334648,-0.6614103862498657,0.3245398169372484,0.6958882998896598,2.229047169911384,-1.356246684747668,-0.4129914550109828,-3.0412564575888763,-3.592807953284276,896.506668291128
170934.06264456938,2.6114849702939837,-3.058652636161701,-1.1594737425017343,-3.742323297366672,-1.790791965843334,2.807719882787998,1.2863083701472566,-0.7204737406347346,0.7549602518385067,-7.373875868750046,0.8389942423023786,-8.793030250516175,0.0517039395128979,-11.0512129660893,1.7137709138403228,0.3558392086374521,-12.756479121443032,-2.303411966722887,-3.2093260352783965,-3.23682471334648,-0.6614103862498657,0.3245398169372484,0.6958882998896598,2.229047169911384,-1.356246684747668,-0.4129914550109828,-3.0412564575888763,-3.592807953284276,953.1949332505785
171034.06264456938,2.6114849702939837,-3.058652636161701,-1.1594737425017343,-3.742323297366672,-1.790791965843334,2.807719882787998,1.2863083701472566,-0.7204737406347346,0.7549602518385067,-9.960854470849156,0.8389942423023786,-6.824246282757305,0.0517039395128979,-7.240876035261333,1.7137709138403228,0.3558392086374521,-9.878103104356553,-2.303411966722887,-3.2093260352783965,-3.23682471334648,-0.6614103862498657,0.3245398169372484,0.6958882998896598,2.229047169911384,-1.356246684747668,-0.4129914550109828,-3.0412564575888763,-3.592807953284276,708.552639911283
